Leaf_Color_Score,Leaf_Spot_Count,Leaf_Moisture,Leaf_Texture_Score,Plant_Age_Days,Soil_Moisture,Temperature,Disease
8.423521368855054,1,63.18150830480554,8.961514928204013,60,53.126904344406555,29.737638446522176,Healthy
8.545345628118808,0,62.34048034868772,7.968291153593768,55,56.93569817252828,19.260159266026605,Healthy
7.423786975369135,0,49.89735103732461,8.357123666297635,46,43.701570389317666,29.39694630676466,Healthy
8.098400664781058,2,46.60201451029235,7.927808637737408,67,45.79205138062158,26.127094055037016,Healthy
7.929712589536537,1,53.186347102164824,9.126139092254467,64,46.538312568352794,27.467634736309567,Healthy
7.65062035751304,2,42.322639008961794,7.535906975550784,68,60.907732639963285,25.51410484356991,Healthy
8.14795827292529,1,46.17182407706058,7.840077895802645,55,63.45697780975132,26.030854868705383,Healthy
7.406631930086769,2,54.91934175666947,7.86153899984702,77,63.24799617996761,27.793840357348596,Healthy
7.822352114549812,1,60.650107451228514,8.687772563561179,55,53.51472818668946,21.680995077981915,Healthy
7.661707019163697,4,68.84992022856659,8.163994939209832,85,57.89308820038107,23.06464073618463,Healthy
8.362628022478786,6,57.713391687120385,8.982321827907002,12,61.57522003500179,25.261141204714512,Healthy
8.065446692290358,2,42.09944868319286,8.090164056081242,72,66.82315235793213,23.44518934517906,Healthy
7.836177878698065,0,65.3232169416166,8.364375554829842,54,59.106139464906846,25.291232648044122,Healthy
8.6358902457398,0,55.37870282721786,8.003945923433921,35,57.36896221651661,25.783165816539668,Healthy
8.202301055489107,1,46.677034063596686,7.989677338617319,58,48.581781846227045,24.516142865001974,Healthy
8.381822885566542,7,59.396622502654715,8.32877519536138,63,39.64983027760767,24.920458373652348,Healthy
8.227103594473462,9,56.46111228175102,8.350773671166806,64,45.65057569904374,28.42846844354506,Healthy
8.538369864709047,4,50.724900361642085,8.901397155468048,36,59.69485675040216,31.571366877429938,Healthy
7.754258653691189,0,58.79721092070113,7.9482621729419,33,55.548503798448216,21.813088858821686,Healthy
8.413116593785832,0,70.39947524014032,7.808373353831881,58,61.50813773895736,21.307407050698135,Healthy
8.302356970571857,5,45.14013412351018,8.292316929266152,70,61.25458297421848,21.289147867365756,Healthy
7.605794524112075,3,60.375877385865486,8.325246425172937,71,49.559802227372074,25.696761091483012,Healthy
8.331882612984407,0,72.92619608915805,8.436916460455894,41,60.25242886907064,22.075954989318035,Healthy
8.554188071684102,5,51.43454145318631,8.68168806462216,73,61.57648127995592,30.690378947961843,Healthy
8.089575347798707,0,50.88388456299582,7.79209485751728,63,57.729215798533154,25.830072397990058,Healthy
8.57223246206621,2,69.62827261725853,8.06767158338102,119,60.00533878212005,22.42852733075115,Healthy
7.718098375872499,3,56.21229771739319,8.557000247046044,74,54.417368698745015,22.459618845794786,Healthy
7.51831874889136,0,64.85119035458777,8.3070468720651,40,56.385447406809455,26.15595213918651,Healthy
7.80226415370949,2,58.465669747568,7.628514851084688,72,59.486276210945874,28.24915372952583,Healthy
8.674210923415705,0,50.49739968067902,8.45751763360433,75,59.12038149044838,36.558194471964164,Healthy
8.456900729811924,5,65.63201410794562,8.525695625652899,58,61.07175376394614,22.681524356387285,Healthy
8.093431626966995,0,58.65499311509058,9.357329283336753,27,60.49008152299611,20.161852386431043,Healthy
7.987630660394754,5,58.514240152763705,7.661127611035346,50,60.4367819914774,22.80890010484859,Healthy
8.297406365311888,2,52.78719721915346,9.271972044662663,77,38.798859306739146,25.559362944308283,Healthy
7.902196090854225,4,51.6598340925384,8.14263177926655,75,61.926041553360974,21.39911077883267,Healthy
8.049474443871572,0,52.77336613941031,9.082727120140548,73,44.91292836531964,27.753585841164327,Healthy
9.154970288655685,5,45.845040272367896,7.957882963566874,90,49.33864427504975,26.331458284438686,Healthy
8.5485853240432,0,57.5237971515056,6.579366329965463,44,52.97945478885472,21.25665045410545,Healthy
8.934585086769236,0,54.47964410642413,8.265370288643044,93,43.51310279056449,28.48949125646488,Healthy
8.204604877458813,0,61.69682779410616,8.299529847786735,52,55.55841667992015,23.84405920941472,Healthy
8.25108280536306,3,70.68813452916282,7.5810922505865745,107,39.38329760381998,24.54464471489325,Healthy
8.464742742918059,2,53.01840384143525,8.095938874821362,55,50.285081944446304,27.548806291063073,Healthy
8.360656968684271,0,65.19679900346601,8.353649760438303,81,60.037030735388896,22.513014967233783,Healthy
7.9479185319113625,4,62.88296212346772,8.189549203017926,67,65.2213191663074,23.22528583349251,Healthy
8.446193821526517,1,56.258550374182235,8.749388425993594,81,61.50807708800511,28.916436421462986,Healthy
8.209451728734741,4,55.51786594725235,8.362083176244221,62,55.77596771994175,26.785471076310742,Healthy
7.831800692544936,8,49.951860948002384,7.592905693606133,88,61.333301551703485,26.872359451156466,Healthy
8.482755479168926,1,50.82196502811335,8.237902279096863,51,62.80095786734201,24.558827855493583,Healthy
7.828526261443369,1,61.303451634205,7.9181377235980115,48,56.9494976919353,25.73489971332617,Healthy
7.9718755710829905,0,59.85639949886109,7.475957829251337,36,49.252446229980514,24.35965854486446,Healthy
8.339908404519102,6,64.86127698561616,8.120030735018286,64,46.97976508289753,24.944460592022832,Healthy
8.070103612485937,2,51.38215245158142,8.459673257120585,95,54.12991881234514,26.205135166296824,Healthy
8.51056479627,0,59.79273985448334,8.206296200390897,66,48.815921729156265,25.073530522776828,Healthy
8.424099231060453,6,65.67416660868166,9.276591228755777,49,61.978565093765425,25.550026017215057,Healthy
9.185411319947951,0,51.282225262553794,7.900303677277988,22,50.79395982655391,22.722602015338907,Healthy
8.267677203914293,3,73.00936671372709,8.675211919093025,53,47.812682629213135,26.47575751451952,Healthy
7.60589505684071,7,67.4355209657703,7.965412173947647,30,65.8309789933233,24.656380464242147,Healthy
8.757017340388057,0,53.20499981636982,8.20262184985909,65,51.39947622816605,26.868549797042498,Healthy
7.719570806777832,1,58.962365053695194,8.457219417029373,79,46.002863265297044,20.397657487793133,Healthy
8.774954569854328,2,52.01210770754757,8.97557598776126,67,64.43437747251062,25.202555444230327,Healthy
9.127336566196893,7,56.00828681216741,8.685785475477177,77,65.94905246025878,22.105229618259685,Healthy
8.508723156999297,5,43.930084108615084,7.608370743667112,24,52.84474532444354,27.152626767387886,Healthy
8.876060673443211,2,71.02892436457033,7.5099492708925535,30,54.55561840882705,26.152196346817924,Healthy
8.185287363357657,0,57.287039683897696,7.547765249747573,78,57.93278596877479,22.180360641017934,Healthy
7.9687598871984875,0,57.498567221814625,8.677571160250618,45,59.03237212414275,23.409227144882678,Healthy
7.843207225481945,1,49.71806142064501,7.923175347326408,41,70.71780106333111,25.105790655915186,Healthy
7.885123521403336,2,57.10137560247336,8.089515200233388,77,61.06006168037844,23.40849655716842,Healthy
7.940881791709893,1,39.58463068211532,7.442404468900723,92,68.15974170801027,24.252891881330864,Healthy
8.459450633375095,2,82.63104646764191,8.759787455717287,62,47.355676475196596,20.18066103922728,Healthy
8.29155863614025,0,46.621970323218605,7.876713557878736,43,68.49713308058051,27.64491927084835,Healthy
8.19641231140752,6,58.61894646118095,7.769357899335867,95,59.31128034947727,21.888261537020632,Healthy
8.114347594862375,0,46.93760215228531,8.66308877376582,103,43.81145940944687,26.688907710071714,Healthy
7.907210843895177,0,53.26084860608905,7.768004615160091,65,48.3523990687117,25.811370477339516,Healthy
8.177392850747887,1,50.739490703667215,7.911614334715833,80,59.00733750099505,22.067334265604348,Healthy
8.24469953744315,4,44.644757751029026,8.471680096189967,51,59.56478934874527,22.710222530372448,Healthy
7.387803054700965,0,58.38467957329106,8.32986125086074,46,60.108739670218995,20.01543981319312,Healthy
8.170264090608708,0,52.785311137582724,8.223699335658207,47,51.9235556461614,28.018878427643322,Healthy
7.9403986587145825,4,48.962345162739055,8.46490208895764,93,35.226843998981686,22.60931423358857,Healthy
8.459682457231242,1,60.96916698697047,7.898007406642089,66,53.75458211686336,28.50334618497942,Healthy
8.314489379485545,3,54.70498427102026,7.956196887963753,56,58.155617139026376,23.737046557539212,Healthy
8.330398685603384,8,64.96899762745353,8.036988233916079,89,51.73539701582759,18.88562639446644,Healthy
7.746361160087168,0,55.18789212766953,8.209209189594775,98,57.6154189901133,24.34269841357341,Healthy
8.57323251153257,0,59.884916464868525,8.585432596943482,35,64.15003234565543,26.015489222483243,Healthy
8.01312043874464,3,76.16554286243516,8.290933127529247,69,51.325112803678046,22.450466891605625,Healthy
8.57365111744491,0,58.57252989775514,7.961171276617441,74,57.66929684229559,28.112619832773696,Healthy
7.970492620515363,1,50.169890273741544,7.977853369961943,72,61.05590893316281,22.233504027467124,Healthy
8.591322664047546,6,61.307479225789606,9.138397906279032,49,45.042762373508666,19.663839253287165,Healthy
8.87321994017013,3,57.55532263271636,8.33998431315991,42,74.56601583693461,25.387663545925683,Healthy
8.2492276575722,4,61.84807385389371,8.311942012139564,49,58.77174685708797,30.6460734894251,Healthy
8.80543902076974,6,53.91027458855052,7.705197589870709,62,55.44579929830956,28.282574555412847,Healthy
7.438390916628331,6,56.735936811368084,7.986559465026289,44,41.76114662507385,27.469511751885744,Healthy
8.232993085234781,0,47.63936982349107,8.032107650354936,98,52.92326918909116,20.49057114064568,Healthy
8.089415621161324,1,36.42490685646743,8.172852566741094,60,60.56965091850735,30.546868284836037,Healthy
8.70695426329649,1,49.14779273006664,9.48667990162493,66,55.11143433530357,24.92762473866999,Healthy
8.289138142345534,1,53.41070394495811,7.926570529379803,64,50.65260183092988,22.86146265196851,Healthy
8.247893602461353,1,70.0319439086615,6.874515095803494,86,64.96868153998103,18.779829302775553,Healthy
8.045790582663843,0,46.73990644225743,7.811091656204562,42,69.01816354738898,27.807035179442384,Healthy
8.77219979274737,4,48.967585830262166,7.937739866860112,74,45.22297752886443,27.138995290517165,Healthy
8.091853570828839,0,63.68767974562793,8.42213165574302,57,64.27463842691398,21.75681001720031,Healthy
8.477171023124917,3,55.523628485488075,8.363066511121058,39,62.392216153655205,24.44529359067103,Healthy
7.964774640766431,5,52.36525047565792,7.495769351818219,33,59.84807961076512,21.15871194251115,Healthy
8.989657381892963,0,71.5716509463203,8.30550873360131,63,50.640647305528404,26.197408343056214,Healthy
8.183064383908818,5,58.913821189296314,8.275150880730939,57,54.54443501023146,25.923405306676177,Healthy
7.4304242233045175,0,63.94611275218172,8.28543271906397,61,55.14747146452314,26.042745116085012,Healthy
7.957108143860786,0,59.566762040781455,7.710813611192483,73,41.37933116609727,28.087466911976932,Healthy
8.412668867085868,2,65.8615278715641,9.032737222231287,85,40.27300614934684,21.161269099792896,Healthy
7.918831640036943,2,62.14127216375299,7.837128093423266,68,48.95693654117342,23.165446591024157,Healthy
7.5670025064183,0,47.18652315506933,7.712063373511333,86,47.40480888934446,32.897146194512175,Healthy
8.421993055396399,2,51.13313775855029,8.550154939704495,53,55.97607851716289,32.68025361480638,Healthy
8.156773045123908,5,52.3745885989929,8.182505754751519,100,49.98426353769786,30.437345673990787,Healthy
8.518488370954962,0,63.05926191244417,8.686277224813365,77,42.43820224087635,22.818588472525395,Healthy
8.088616614001822,1,62.96537678040542,8.288850500466626,38,58.04158280804771,26.83175723585147,Healthy
8.451905701568966,5,64.67137723639124,8.429590039614217,63,41.71231253187207,26.288854657397756,Healthy
8.2934594592234,2,47.786011393437526,7.659471729795868,86,54.68355876914676,27.044502092117874,Healthy
8.212743269258707,2,65.50627044780798,7.941977635891313,66,51.30179769035966,23.696511317703052,Healthy
8.060872544439112,2,54.17001102669218,8.827878062786759,47,53.50502684670913,23.680806825177477,Healthy
8.851140047959179,2,66.25475631574908,7.4572198134815135,70,62.117046364987495,25.246851967826274,Healthy
8.679466168779408,0,69.27477952148465,9.349449061809624,57,51.435979828793826,29.360153431353105,Healthy
8.91080746557882,0,54.638505463233145,8.059107695569745,38,47.650784428126414,21.987577699743795,Healthy
7.854491095703142,1,59.87371786029217,8.975250246407038,45,62.87457918781267,24.358033467323473,Healthy
8.177741330656405,4,49.018223827501615,8.391204873092025,68,58.939610112065196,25.867505931723453,Healthy
9.304885062959901,0,53.752024359985455,7.888429736787617,53,49.90090298154786,28.567049593322654,Healthy
8.839226911595434,0,51.34115541516617,8.435707778193201,53,60.063454542044084,25.6087690625539,Healthy
7.5179151482512445,6,72.36702138476417,7.893605654757806,57,57.28692312579924,26.003370369961075,Healthy
8.496344922702773,8,56.5844221800476,7.800851377730773,37,49.15255968046465,24.900619081378608,Healthy
9.007551038583003,0,59.790303613111185,8.191788551963624,88,75.21545940698897,23.40739368123904,Healthy
7.9797522508668,5,63.45513191701049,9.123353662868016,76,52.12566327370352,26.77196449207693,Healthy
8.698916611262307,4,62.05819224885838,8.733337344794576,88,66.05727192830022,26.94612966276893,Healthy
8.124796863857414,2,67.65207173206686,7.791532164506381,72,51.85328950138111,25.086234468804452,Healthy
8.775303338173284,2,58.37149238524919,7.520071929510039,79,60.1638734491286,31.48976416991638,Healthy
8.06149979427115,2,59.995069469686044,8.988726639881737,63,57.232172206162716,26.82368952914962,Healthy
8.283974105420361,0,59.55271994318646,8.736815874929885,44,56.06375739317501,22.89963755518248,Healthy
8.737770983016178,0,53.52862522182729,8.38860593753226,96,54.4739979114161,23.334401419920404,Healthy
9.046520681248264,0,40.409552347039345,8.420007225026666,54,46.8301374629543,27.12506934189806,Healthy
8.30971032119704,0,47.75756481063284,8.636228664140072,78,54.20659308976494,30.539910988143,Healthy
7.7184618551532305,0,52.464735440950044,8.177206991822251,69,53.07011153714936,26.05616618954289,Healthy
7.636807259114299,6,57.34279057285945,8.758647915794063,71,58.65402575323027,26.70930184069661,Healthy
8.401468852007792,3,68.63322024105945,8.298260584850734,79,54.282114445702184,29.32035164634842,Healthy
7.895623464073328,7,57.67873639484525,7.484612448940975,67,49.55158674020095,27.521930646966172,Healthy
7.906319209313923,0,42.88367415243575,7.973846840375461,16,42.32877741211421,27.281243968432893,Healthy
8.553610071392875,3,50.264190854966294,8.176144321929009,64,45.73308248645966,29.510194905301454,Healthy
8.59481303075905,1,58.215086711956246,8.304191403973775,24,53.02258093983522,22.954047256006604,Healthy
7.749270995547287,1,72.38149221479618,8.520421430633505,53,59.58066225084927,29.198066309758005,Healthy
8.616085157310746,2,52.82450577835541,8.549111656806794,72,62.161545760221856,26.905515405045907,Healthy
8.6722987218937,0,68.5391525250746,8.298799802346199,106,49.486497455283455,30.207891409495748,Healthy
8.289059852558191,0,54.12891332756543,8.039826345902839,73,59.182683904284,23.278899988184264,Healthy
8.189040433482557,8,71.82034536080569,8.418161834837015,65,55.96025061374609,26.84055391819125,Healthy
7.739743345660717,1,44.651327408979284,8.399611561302638,77,51.13450830160501,29.721960289870097,Healthy
7.648405451648946,0,59.795614548479776,8.723549151306077,98,51.32892589704848,28.236042500293888,Healthy
8.182671188724681,1,65.06927949989338,8.526161439206708,33,66.81232279780717,29.140274062442355,Healthy
7.918496784320711,3,61.95224149026191,8.330336882911952,53,49.627013056495585,24.923337787025662,Healthy
8.727728058666713,3,55.03508534331115,8.585849355324171,8,64.19012560297682,19.7808586636657,Healthy
8.03690157636859,0,47.64254819423275,8.780413393689258,55,57.77203105384572,24.85923826336245,Healthy
8.414668372250404,2,47.73606220649144,8.69813340972357,55,42.547344810721995,23.715654517102262,Healthy
8.87534190578544,4,55.210782924737124,8.025371147840785,58,71.61398386848673,26.14580635669466,Healthy
8.393518741235981,5,59.91031327221211,8.070478927089647,61,54.42718992468749,24.888333290470474,Healthy
8.52743329463664,2,63.86112061772464,8.159641709945708,66,39.014394523743135,27.748983024107446,Healthy
8.355919814154095,4,34.82995697445048,9.244187352390362,62,63.86546253390013,21.880282218623407,Healthy
8.475748257278156,0,53.00984831443356,9.157015676933392,61,56.73946298543778,27.610203192066262,Healthy
8.423056849587672,2,60.919688019729804,9.401707792619137,63,56.60879237371974,28.151963188022837,Healthy
8.697486669831092,5,63.10984177623348,7.628497543634758,97,45.829236855850496,25.9079063957171,Healthy
7.8605758674912884,1,60.63009928242784,8.360678607725136,73,67.90969015246918,26.36060290454194,Healthy
8.090129514119207,4,67.51576391139713,7.5861960924315035,76,60.60938193848719,24.107309489920024,Healthy
8.819068065990228,1,59.00461162777234,8.113464087858064,65,46.22979930483839,20.679847352217116,Healthy
8.917527278451237,0,50.068861204349545,7.123304943198142,52,44.41528165274001,29.92604548040911,Healthy
8.654417690204184,0,76.01948644275447,8.690882743495797,58,35.004754281011415,31.872827717772225,Healthy
7.574692389956381,0,66.18056345607712,9.419876203169636,92,59.51127296041888,26.78426302499586,Healthy
8.584037001451138,4,60.249531391755006,8.252100551975937,63,48.96828328906659,24.15797476939968,Healthy
7.438169433612076,1,50.091271142792664,7.648205341392114,68,66.1360182907568,27.75494981800694,Healthy
7.4932747283695695,0,65.52616950390572,7.708756303230844,60,59.40041679219642,22.094966635409094,Healthy
8.247418977765681,0,53.18905884839029,8.359890967071268,33,58.52379790368319,24.941086603219958,Healthy
8.448620479487715,2,68.91312343979075,8.262612251323953,56,55.97838002425827,26.629894087109165,Healthy
8.221987031646567,2,52.38406649754596,7.868549541224525,36,68.99661394549551,21.268410293826143,Healthy
7.888192660991841,0,65.15939501555553,8.052525160853985,89,49.612075006049054,25.836982486671406,Healthy
7.824093826033108,8,48.4992126477639,8.354910355113512,77,58.31039277961199,24.444137023366874,Healthy
8.141580685119958,2,56.82398398697209,8.681939558397454,109,50.54006571993733,20.890591061262768,Healthy
8.160273078241934,9,51.570603456242154,9.019558402722033,98,50.571294066336044,26.706949237555826,Healthy
8.93277848040784,0,56.371357119181106,7.909159543025678,44,49.80577963947194,21.32817919971323,Healthy
8.215337560716652,0,59.87028729432598,7.422052176898186,71,61.668231692871395,19.018793072285632,Healthy
8.368325456431407,5,48.32287185047036,9.036286193418851,73,49.35990515393273,24.83269276702688,Healthy
6.051247110634775,12,76.31004793957095,4.539663203460317,73,56.69028402476016,22.6663218159539,Powdery Mildew
5.393241561340845,9,81.8887454016835,5.545655060297134,82,59.261497882619366,22.050774650915596,Powdery Mildew
6.3458939649906325,12,90.55463631985356,5.196658919697186,73,65.52706828637999,23.40062271434685,Powdery Mildew
5.731388573628755,14,79.65361853435667,4.6070052697460255,43,53.31035701517363,24.52397398073763,Powdery Mildew
5.303485027221757,5,75.10862883624772,6.2464997587163955,69,74.70792619561314,23.245488075642694,Powdery Mildew
5.755499656063986,14,69.67780364649079,5.133696157035952,76,62.65527637085561,25.97612704860957,Powdery Mildew
5.721268109487066,9,76.29207874856323,4.550766009104481,70,67.92704802684638,26.257686697494734,Powdery Mildew
6.013614204795979,11,78.54213039360229,5.695103774508657,81,68.08282095874705,19.06449130294952,Powdery Mildew
5.320698851616082,11,67.12390238272573,4.906514348507277,71,72.23754203485385,22.788503665822727,Powdery Mildew
6.018925739721791,12,56.19626746916903,4.530332303090622,67,58.32244205727114,24.799786189988613,Powdery Mildew
6.4888378745546635,15,70.29245703255833,5.745363068424976,72,65.30331223105568,21.15979200937718,Powdery Mildew
5.663888641080342,10,73.3633297790039,5.080286990524932,70,71.4955053579708,26.571938824359023,Powdery Mildew
6.227299360948596,7,51.56863092078436,5.467159955619637,42,66.20187678485853,19.489660921821923,Powdery Mildew
4.989108803088991,13,78.07324128242118,4.71174479963664,18,63.63004441398014,24.17541201620764,Powdery Mildew
5.134489794051642,12,71.87752120661604,5.2896457498005445,72,60.21544847294756,26.589714504993474,Powdery Mildew
5.728661692137863,11,64.53385632741443,4.778358874404245,52,66.61643152061262,28.135125440427032,Powdery Mildew
5.182644485680889,7,83.76936261994886,4.895338161424067,56,76.31923749916861,21.183153380789406,Powdery Mildew
6.621704371096121,14,68.09670873483438,6.078654106632752,57,73.93676297607446,23.897877741219475,Powdery Mildew
6.385783580229459,16,72.25603319252613,4.623291064826908,79,62.57827704198315,29.04016174257987,Powdery Mildew
5.861440898987231,10,73.47744244691927,4.326436855235151,50,77.6033112635554,21.029317163085814,Powdery Mildew
5.328890057793127,13,81.48563323730397,5.359476655332533,89,61.945639291444316,18.73456799977447,Powdery Mildew
6.475600143379969,11,69.99333586835962,5.664097070924529,81,71.64710217665287,29.495007034703253,Powdery Mildew
5.510416796328935,14,72.45610499917667,5.134296139431629,100,72.06268605031698,24.6148882371489,Powdery Mildew
6.282628301789411,10,65.28632266128795,4.4775954029894836,30,84.44965703952258,19.69037490283495,Powdery Mildew
5.700435869386403,11,74.45925358247281,5.407868606269648,87,63.33538049144849,22.498634858640767,Powdery Mildew
5.927160977719734,11,84.85876460815994,5.245487475819125,84,73.3030501493393,26.520421572455973,Powdery Mildew
5.881459701416668,8,75.19750361402113,4.674321553104085,59,72.69091215004075,26.714849214300905,Powdery Mildew
5.809572209531227,12,85.6177195570819,5.120376589744284,122,72.52407716505235,17.71771172253255,Powdery Mildew
6.139003729497039,13,82.31802203266196,5.336590675634979,67,58.20561410968507,22.372930228141925,Powdery Mildew
5.417265795605815,10,76.70862723536487,5.834952252175703,77,58.432935503718525,24.333808004660423,Powdery Mildew
6.338484168990543,10,70.92786266661666,5.007344097364599,54,73.18624347075087,22.637155554176655,Powdery Mildew
5.988789599758162,9,68.50033359741272,5.361190678913886,62,81.81571080986724,21.801091443156192,Powdery Mildew
5.9011081265883485,14,60.65307413653575,4.119595594009612,39,78.10067282741745,21.34442556232266,Powdery Mildew
6.951189678550714,10,73.47641042557629,5.771054976283938,110,84.49202861309118,26.625098691779428,Powdery Mildew
6.260828136615158,13,78.2268886093331,4.724407141835734,53,67.97300434071238,22.489446132425215,Powdery Mildew
5.596047377802726,14,79.64244166856409,5.044203443145924,99,58.86648708693196,22.419021622160844,Powdery Mildew
5.477429955728738,6,71.3385545132584,4.9391262458083585,100,73.04649347643821,19.927439527012385,Powdery Mildew
6.634341654850385,15,76.65678162774893,4.886757950575084,50,65.02234579143158,26.26624585911256,Powdery Mildew
6.648063837670574,16,68.08920462570981,4.440191283355494,72,53.852485075497185,23.969503142554345,Powdery Mildew
5.733578836165599,10,59.242375461865635,5.256800053284858,59,58.640665314317694,14.383213360155052,Powdery Mildew
5.787618292727213,17,85.29007371638296,4.771451871706864,57,71.75019404860019,20.004843682435126,Powdery Mildew
5.93580635491876,14,81.81546579107446,4.9499229617600236,65,60.97613930594751,20.51935893788042,Powdery Mildew
5.698084498644313,13,79.30867700986599,4.598410524659828,99,65.83101119165946,22.935898116954693,Powdery Mildew
5.463754744383479,4,79.0723631708884,5.368421948546216,64,68.53592573779898,24.547817653112297,Powdery Mildew
5.0968543644010555,10,78.35411743697462,4.3728552884153755,75,57.14734556301276,24.39928994730058,Powdery Mildew
5.783961332966133,7,81.31791483565738,4.632704211600975,53,69.60455357784754,26.445912048286147,Powdery Mildew
5.342880181459721,12,75.43053200264458,5.346552803631572,73,65.06377728733342,20.51722933805384,Powdery Mildew
5.838764747370869,8,48.62919613204314,5.218279902078834,88,49.096540515665296,19.970807885870187,Powdery Mildew
6.078619417452339,18,72.16634966140326,4.635998529385433,66,78.99901135318548,21.062107462626393,Powdery Mildew
5.440363597007385,10,64.3733711339303,5.061335157997398,102,70.58463418492823,22.242939493621137,Powdery Mildew
5.668684928988005,7,79.06487821717727,4.961081401493599,66,93.54486054275888,23.89625872509706,Powdery Mildew
5.461694027457167,10,81.18756567357404,5.056635205268882,41,75.35383147660163,20.995567743383017,Powdery Mildew
6.642983999297895,15,68.42142483472999,5.640508180867556,71,74.82218940097775,24.454198451883425,Powdery Mildew
5.4191395052541065,10,80.23968654064929,4.83261233394673,61,60.35901936520518,24.270797196780382,Powdery Mildew
6.728136213659415,8,72.19375565338207,5.706110277707714,68,71.61897436999787,19.81281941555936,Powdery Mildew
5.992738193743442,11,79.8858399654389,5.593693025782375,121,72.63706538570861,23.977388949746498,Powdery Mildew
5.887472935709801,10,74.70787074769353,4.852299294930486,73,78.54078028486367,19.980372304161076,Powdery Mildew
6.31294535250807,15,71.05545178407137,3.9390725504957027,57,78.37595637248887,22.931395813103354,Powdery Mildew
5.35031399546729,10,78.72496021203642,5.2733667841006895,65,65.06540470548249,21.824725552868536,Powdery Mildew
5.384915416975674,16,69.42143624630928,5.608579260412748,100,75.98648718518368,21.705139061845856,Powdery Mildew
5.981678540651474,11,64.77038511415897,5.162179640860802,46,77.50143510769252,21.606148108104822,Powdery Mildew
5.890521845142778,12,69.92876021036739,5.293346900737637,60,74.97037837965796,18.962060959259755,Powdery Mildew
5.856870810795885,17,63.997349403155404,4.661127514737574,80,69.43665425551679,24.051890297820677,Powdery Mildew
6.020134208566448,13,80.87759873564978,5.2049093284642565,65,73.38058960962185,28.699645804685645,Powdery Mildew
5.740314814127842,9,80.85664535429578,4.939809418023201,26,74.77937341720337,21.394015442138233,Powdery Mildew
5.759260022963128,12,73.52399743823253,5.354725908569519,61,72.10484638540866,22.221359967248247,Powdery Mildew
6.132464716399376,13,64.51649038364323,5.542991058087516,59,74.46446238624917,24.10186194020402,Powdery Mildew
6.627182654557805,11,69.20546563105442,4.990290197056134,63,74.3995352155364,18.151068174690238,Powdery Mildew
5.32584291138414,8,79.60246073578861,5.855306686290962,67,66.64942621447992,23.210156489339543,Powdery Mildew
6.322845236173686,9,73.90695186187828,5.487598814891215,80,69.51665293278995,26.003138277701424,Powdery Mildew
4.583545468150343,14,66.76739453498061,4.084683551571771,80,78.98926836130366,22.587654456116926,Powdery Mildew
6.228793546241322,16,82.51931562867237,5.819982264685697,84,68.60346911121275,18.194102564308494,Powdery Mildew
5.689271880341523,9,89.36754173998251,4.912057093783831,72,72.41188300832374,23.13080733911736,Powdery Mildew
6.562772968193839,10,73.55685964189794,4.628764707150976,43,63.105847272757714,22.888889608854765,Powdery Mildew
5.606813998967233,9,60.74946029062533,4.958447213685653,39,74.08044770951682,23.24731925880351,Powdery Mildew
5.1441018252407815,11,65.98274875527534,5.1595872552095905,96,52.99862024283404,23.34507823744225,Powdery Mildew
5.727940241995012,14,73.70557302590151,4.624015334130591,63,61.63179314557209,26.228021415795794,Powdery Mildew
5.809590241902374,17,71.51471348948303,4.645796616544769,39,53.57488258995244,18.24759217098353,Powdery Mildew
5.920206992955167,13,59.350474383742934,5.447519157038058,60,69.1743440958844,27.836661884766272,Powdery Mildew
6.203577692139489,11,64.8704621966777,3.9240922993353475,55,66.31095808937845,20.038461418546447,Powdery Mildew
5.740934364808463,12,70.20115214553537,4.67499870958827,73,71.53552519655527,19.72880276767146,Powdery Mildew
6.434919570885821,11,72.15079698355878,5.354107211628278,74,75.62509307130595,23.861372495605472,Powdery Mildew
5.524403181411802,13,62.850190341434704,5.0542798528882615,69,66.33506514181968,22.61438746568321,Powdery Mildew
4.953167929526062,10,72.74275920912892,5.079928195998701,49,78.12566272691761,20.401475455356497,Powdery Mildew
6.2362557402370316,13,66.83018152124957,5.887655446304756,46,75.35323338888001,26.001746954128933,Powdery Mildew
5.49822090591551,16,69.99962788320838,5.1443468146399285,75,66.92553006823562,25.432424819479348,Powdery Mildew
6.157069924248495,6,82.43472194302522,4.168754005982163,90,77.01364109462067,19.727100709354406,Powdery Mildew
5.615133570420436,8,70.28063175769012,4.84598285790713,85,78.48246996895686,27.18705143236987,Powdery Mildew
5.547024388039764,11,58.5324944622324,4.597064966751906,89,80.92466258838586,19.296953384360233,Powdery Mildew
5.533391083381197,11,74.24128927055685,4.595198240039177,78,64.20928522343267,22.956643187365163,Powdery Mildew
6.045827911601664,12,68.50891287578744,4.945195098037084,68,65.03991176094299,22.223611811998694,Powdery Mildew
6.519391226727122,13,69.63615745576672,5.348477202255368,63,77.38499710069313,24.108926576594282,Powdery Mildew
5.751714035198097,13,59.432990783452006,4.436616265545098,46,69.14354475810966,28.197544998455275,Powdery Mildew
6.804085065786684,13,76.00675579955566,4.099471132923631,59,61.69772998473409,21.13745720524665,Powdery Mildew
5.7243352816368445,10,56.165601516993696,5.373955128058767,48,69.9139749128892,29.22224800924992,Powdery Mildew
5.386276933786109,4,69.71196622495911,5.550479817499285,109,58.16360324438067,24.490097669709566,Powdery Mildew
5.590610294448976,11,93.15474677613628,4.248514835802423,75,71.74154537412346,26.25735897481804,Powdery Mildew
5.844092419061902,12,68.86681146062567,5.134563470622553,63,72.97257511884841,21.891168991869097,Powdery Mildew
5.969695177255984,11,81.00840200617735,4.974303138205757,34,78.09537200571194,20.282803097412142,Powdery Mildew
5.505805147608031,10,82.99550474536653,3.932162893010652,132,76.44845447252841,23.66971674238748,Powdery Mildew
5.775297699722671,12,76.16897942703471,5.322607792975028,81,68.716645450042,22.40798473907802,Powdery Mildew
5.7319270223559196,11,81.07016077493651,5.296778361140431,11,73.24720621223808,23.584208584156325,Powdery Mildew
5.791581059599346,10,80.99290175988811,5.473763231061429,54,71.25641829699629,20.08502979637614,Powdery Mildew
5.179171825844981,10,78.89914777906208,5.476562522688043,80,73.80076629478398,24.548534861344876,Powdery Mildew
5.511333282149671,13,78.40327620182146,5.377145664906787,93,73.66643077760851,24.054344622624747,Powdery Mildew
6.281567607242392,11,64.94500279017825,4.918466518028118,55,62.598573800204946,22.566443987853447,Powdery Mildew
5.443411035550017,11,56.85108266436971,5.1066468536864695,70,61.463290951454475,24.977737005297215,Powdery Mildew
6.221906561931951,7,65.89820177147028,4.615428825106351,51,74.63579873545399,22.41852158368159,Powdery Mildew
5.680968321410225,5,77.08334424167381,4.380370802573264,71,70.21901550366553,27.08197578751595,Powdery Mildew
5.2110308203964,2,73.47079635802956,5.900255590755426,94,69.677275322197,21.525091443103857,Powdery Mildew
6.1632051684867895,9,75.81086215484976,5.252735079583314,91,90.07728031128862,24.1772479015363,Powdery Mildew
5.570966368431625,11,57.847392760887054,4.652643434455471,61,63.80729281652326,23.457064616101167,Powdery Mildew
5.429911030428009,15,72.00165651934557,4.995349839430693,63,69.24152547087184,25.475294794002906,Powdery Mildew
5.409791402930095,10,69.57019176978669,4.327064538263393,53,64.19023301164273,25.623167542138184,Powdery Mildew
5.918152598050866,12,78.80718369734377,4.931314105800301,77,67.17422597654003,23.796087048198885,Powdery Mildew
5.537758604074788,4,70.92576670250956,5.71137406804997,88,75.72317987672936,26.708392165418655,Powdery Mildew
5.8398959159326465,12,67.0587848365252,4.841963571986475,82,77.63107549735054,22.581661172957002,Powdery Mildew
5.597414830816865,12,76.80965399143292,4.278072591933229,24,63.59570520406733,19.337862722257526,Powdery Mildew
5.57133691105871,11,68.3740127278159,5.726233767235373,76,70.40379487688662,24.866621432130206,Powdery Mildew
5.287525096998654,15,71.39388570771632,5.335240308620606,48,55.56992987187149,25.453668974075086,Powdery Mildew
5.969384286743883,9,65.04269534980244,5.562717392207385,46,81.14138362604771,20.298137796056395,Powdery Mildew
6.087276366523772,11,76.82549944865875,4.727942998942904,66,68.32735340316577,19.99343763265558,Powdery Mildew
6.133370955439056,10,70.17120067727986,4.502825312695744,18,66.47177789919864,30.237846264838748,Powdery Mildew
6.153071929554111,11,69.89687336633386,5.0112329464060235,80,58.55349747752924,26.342965084006615,Powdery Mildew
6.12192159194856,14,75.50780591047781,5.009808328846995,83,72.73451306993103,21.93787786717693,Powdery Mildew
5.5418792021963945,12,84.3921612119615,4.380446462173049,40,69.31808672989213,23.152663105568053,Powdery Mildew
5.878003748966684,12,70.21438196292156,5.744931719301041,37,61.37202380175803,22.69023571955286,Powdery Mildew
5.060565034980624,11,85.29176132582414,5.0104432441479805,74,57.91868187861936,21.15091577588157,Powdery Mildew
5.631161628854228,11,82.25315036003015,5.278845530362562,47,69.97203822745604,24.494665245490356,Powdery Mildew
6.31306706733457,16,63.87924646537705,4.594571244394831,44,66.12784112714415,24.399075123339003,Powdery Mildew
6.244300532465096,11,69.44121981396125,5.07587899612437,53,84.71630977355818,18.177016918645826,Powdery Mildew
5.883133260503076,18,72.05439875647998,4.904980482499253,62,66.55686654590073,27.11854542402959,Powdery Mildew
4.804662139901722,16,60.60834278039884,4.866673835382793,61,72.70842615816576,18.205626944348758,Powdery Mildew
6.007977699736874,18,61.094607963257516,5.094853083805198,56,71.40709764954428,23.057443332247257,Powdery Mildew
5.5113308909300605,13,86.43478487829394,4.90454810413635,84,57.65381633703069,20.130690869545973,Powdery Mildew
6.012582825046169,16,74.84490679028528,4.843470984738423,69,57.99673812824226,24.8135459790661,Powdery Mildew
6.197049878045534,10,68.23966281792399,5.132939114826025,61,67.47093908299343,29.299165367499548,Powdery Mildew
5.6888384346643015,10,66.81966555491873,5.372095985749969,66,62.805015693428594,26.963912096819037,Powdery Mildew
6.438821352031137,10,57.06768038911507,5.5037568449184615,56,74.32500479330216,17.089688546864494,Powdery Mildew
6.201668802234689,8,77.8461129525322,5.007136533918217,50,64.74370949658575,25.058955370870102,Powdery Mildew
5.847652503901855,13,87.81152467612388,4.217879194144475,102,68.8348475001857,20.303647855030615,Powdery Mildew
5.201358868417454,11,79.37320089539567,4.936225439811233,100,56.39059447958753,22.963733156461835,Powdery Mildew
5.236422950014096,13,79.0950991207784,4.789619103159473,17,69.59158517437196,24.31021565520053,Powdery Mildew
5.981932639732764,15,63.43157056280761,5.340108052725225,93,53.771299327947865,23.95895547775693,Powdery Mildew
5.573119076046548,11,74.78141186830669,4.756385717943224,56,68.2732193399042,19.738262183411592,Powdery Mildew
5.311378692001666,14,62.80964771873075,5.333156250454606,79,54.19354616967523,20.967306042993034,Powdery Mildew
6.337349231371317,9,68.28476590152489,5.231030446625948,85,65.98768891164403,21.207469415925075,Powdery Mildew
6.440066437764329,17,79.83086440625436,5.042659071282512,53,61.35644474754748,24.567542315797272,Powdery Mildew
5.988279199399908,16,77.20360074028912,4.248459849120091,91,60.0155149814847,21.848086184142947,Powdery Mildew
5.912590092813263,17,96.87934844804289,5.303361529568091,66,72.2760451878444,25.662966277621507,Powdery Mildew
5.655699568499264,17,73.84056607353122,5.248871544545697,83,71.37269288491565,25.516821501408835,Powdery Mildew
5.5222360660538845,10,63.19876613622644,5.219750615310113,85,71.66218292921509,28.02347730004261,Powdery Mildew
5.797481791526929,14,63.266392990885485,4.806450148762799,83,74.79281688594516,22.118099157007453,Powdery Mildew
5.767780336663869,7,69.14376639354712,5.445191581759893,81,72.00532577104968,23.14932106154288,Powdery Mildew
5.803178421382679,10,77.59062736162028,5.210486472194695,79,63.79172125865936,16.539971240386265,Powdery Mildew
6.293718720289163,10,65.09779388765503,5.346739455956997,62,76.47949107237298,24.85101784873009,Powdery Mildew
6.107606195440215,7,81.6955518830912,5.130625265616928,62,69.14710773873801,17.67129430130504,Powdery Mildew
5.983893765166302,8,61.178637713251725,4.238820406891055,92,62.96589285045769,27.601183129749497,Powdery Mildew
5.5588893416264655,6,63.06780448041073,5.617905810003469,66,63.61370162807519,23.480054677558364,Powdery Mildew
6.025802231275395,15,83.58799383914341,4.820115677105457,43,64.69227871101378,23.78084151974866,Powdery Mildew
5.366308483205225,9,74.75030305239909,4.975673824214774,70,61.932037322399445,22.308797857382697,Powdery Mildew
5.384095085079263,14,80.28199467779002,4.0769060688809535,51,56.027765959279364,21.049928196779305,Powdery Mildew
5.762452913594338,7,64.6251214949975,4.498021313959251,74,68.55475469629,20.83478733998824,Powdery Mildew
5.879569392462729,10,69.82675911739157,5.836726045149269,96,57.60335010457922,25.489197253637524,Powdery Mildew
6.165128449521216,8,78.55022115003888,5.768965959206277,47,60.65997743188589,26.05298440053051,Powdery Mildew
5.922172889871542,13,74.72471373120398,5.195347960464072,43,76.37854165297159,26.508769977283322,Powdery Mildew
5.696774165169387,11,59.751139979554225,5.257127378008917,81,67.50247186400551,26.37306007961151,Powdery Mildew
5.649665246059026,13,63.84268529046307,4.988223924562881,66,69.80246337632754,21.891419213499923,Powdery Mildew
5.740837331947749,14,68.50588610209427,4.19671144963066,104,79.0516326295239,19.123211914683143,Powdery Mildew
6.1103685123603375,10,74.10789772264847,5.1471120645067465,65,61.72987467530883,20.928376843051222,Powdery Mildew
5.387713638033441,9,71.46257367960516,4.6421200054446246,83,79.89796924268742,21.25984027588987,Powdery Mildew
5.90773202524092,13,75.7760181673542,5.037977633958044,84,71.85799162144525,19.287012733018106,Powdery Mildew
6.191120228975173,14,65.89371116657135,5.018968917723801,83,66.32548944336511,26.218934143298036,Powdery Mildew
6.863742622578712,9,60.9516431747698,5.151909297802438,84,66.15306900924185,27.359781989963103,Powdery Mildew
5.197627390124538,14,67.15311343392885,5.859688953103649,109,61.86674729773322,21.35132859227426,Powdery Mildew
6.186814549140911,10,71.63671025654209,5.012694210271205,31,67.8892980312461,20.930816677807478,Powdery Mildew
5.578094729920102,16,61.947944845765946,5.4066025933739885,64,65.76191865203333,25.371115688155133,Powdery Mildew
5.953023082556,13,79.74547728426289,4.834345808408338,57,59.31879578753762,20.523768410063134,Powdery Mildew
7.127092491388926,15,61.19140507033583,4.338771021628215,79,72.37811837902373,24.646651505952093,Powdery Mildew
5.685269892900836,11,74.62303619327486,5.042946503146665,25,66.16160295539845,20.44578069721906,Powdery Mildew
4.87884513850883,33,50.93985332379444,4.643235156913801,93,48.861503097673705,28.260283471355525,Leaf Spot
5.073082766947052,31,38.95289251739268,5.0368160384057274,56,49.44410117073799,24.243940465541716,Leaf Spot
4.612184933877712,24,55.80653375475767,5.259227221971207,50,45.43947288799879,24.871260435752482,Leaf Spot
4.233672790196099,24,45.532137692353444,6.013358243172761,83,33.9790599939661,25.305677987487172,Leaf Spot
5.259622482943229,31,35.31213350209633,3.8600378074304773,112,48.11691341896723,24.395121804370902,Leaf Spot
5.0405830887550955,17,48.027004052777286,4.963910586421543,93,36.8888323816597,27.257061484210077,Leaf Spot
4.383558918273185,25,40.837229421095806,4.595949580419889,55,50.20908993458926,29.575353349969994,Leaf Spot
4.694420743519164,25,36.41126868293165,4.650161675996606,73,65.9663447282398,23.66409892267751,Leaf Spot
5.458879757438597,27,50.245091235921095,5.679310242097566,82,48.11327356534343,26.840638040947365,Leaf Spot
5.350605997088382,28,42.9945817000303,4.140376402700616,70,38.59969148481883,26.809426276153935,Leaf Spot
5.356847160607862,23,47.6574129495074,4.829011367404197,91,27.02488532812316,25.17989911570411,Leaf Spot
4.895077661525763,28,44.06478041995036,3.861723646979063,87,39.917100889394966,23.431000022728917,Leaf Spot
4.519044574629049,24,43.162042683694295,3.697216971450465,92,55.19900033022978,28.954565974018518,Leaf Spot
4.2880414483088325,24,47.94782947816434,5.099397194780955,88,39.12660960977203,27.245986669240683,Leaf Spot
5.0057761820768585,29,53.636052318597784,5.194528343687759,76,56.28367316162803,28.22928838787849,Leaf Spot
4.412510440421893,29,53.583226180312224,4.578477989435759,65,47.37260436112609,28.389554385802754,Leaf Spot
4.888781519534042,25,61.59965899661104,5.335771576117443,78,52.53048464613987,23.90242828941738,Leaf Spot
4.979067172476064,30,46.25563283686101,4.376183035690458,61,36.2829357012609,24.64571427561689,Leaf Spot
4.633271355634487,20,48.124946671596824,5.251138586893323,56,57.15427138913415,28.532376265582784,Leaf Spot
5.263761263530825,23,54.83620181653293,4.254033049802343,92,46.37471471834825,28.65975365995435,Leaf Spot
4.270982427468817,22,52.77782574602708,4.3258259978878995,84,34.062897548318034,29.544522638000004,Leaf Spot
4.245364508354171,26,53.005047469168005,4.451614090785212,86,47.08353810666845,25.383474431421785,Leaf Spot
4.346150392165706,19,50.79720037839755,4.017598614318972,76,42.892414271342005,29.037428326314586,Leaf Spot
4.664079525229561,24,53.85496563430637,4.967529014542059,81,48.75414071846821,22.393283630378683,Leaf Spot
5.140554905994142,26,39.86653497138802,4.6779597631628995,74,43.92402572478614,28.001579899705604,Leaf Spot
5.444115051824032,28,37.502246452548746,5.111034995153024,101,48.09446816551362,30.2729412755579,Leaf Spot
5.7055217005653445,28,49.99446876513383,5.322544237042377,77,45.19122434627965,25.9457572928588,Leaf Spot
5.5035360114744485,22,60.258941797424924,5.0499320618701855,47,47.94119434393137,20.699920477045126,Leaf Spot
5.081478607573966,27,43.26115235478357,4.8617738479777906,114,40.954026365904504,23.823277238830197,Leaf Spot
5.466748531108169,30,48.02956537478278,5.305731517704178,101,39.060126139692926,25.544082493896394,Leaf Spot
5.35389353091963,30,52.50304688139484,4.360092823248973,114,40.752232817504286,25.994586656485644,Leaf Spot
4.95405202552033,29,54.83180781241779,5.007432750180955,84,45.34811734914773,28.674418543555518,Leaf Spot
3.6616979650375634,24,49.93057547933425,4.224492958190246,82,43.36423023211103,32.26642709494647,Leaf Spot
5.507858876346685,23,46.793298307466436,4.7630262171958035,65,46.56019987222501,24.725153793337228,Leaf Spot
4.291223099278113,26,53.03623667377449,4.3978421201700035,92,39.947378166677346,27.759495714113942,Leaf Spot
5.169154805675605,24,51.637927297129075,4.541785178056214,71,43.353124552957276,24.76026496037928,Leaf Spot
4.720451626597898,20,44.070770022863165,4.657562253315165,69,43.068020433033766,26.814707400419614,Leaf Spot
5.015748683138728,27,42.801878185213866,4.198399572305427,54,41.10237663044058,25.944236046550472,Leaf Spot
4.453501770211144,21,44.351033380206495,4.890713310056985,86,40.54061557513343,25.7610065335697,Leaf Spot
4.38298576101871,24,41.21257092647348,5.0865639066206,39,42.1229626203803,27.903322017575228,Leaf Spot
4.882725532345127,33,50.79840019654326,4.297972701578995,73,30.790029332268386,26.75820075210972,Leaf Spot
4.4251247743496585,27,43.60367780323572,4.7416170421023764,62,58.91081081482665,26.036271701646264,Leaf Spot
5.624650669565641,27,51.85653381868309,4.984366573658759,82,29.57861936523512,26.16334981754773,Leaf Spot
5.180321087032945,24,36.7584812255714,4.773797774711265,109,54.975133724277754,26.813987971901906,Leaf Spot
5.228152174676139,23,34.36902730538625,4.3377670059352225,106,42.80805534536557,26.269848061874946,Leaf Spot
4.665072811676303,30,61.007671322896506,5.909390116724067,71,47.36499590997676,22.450072351737624,Leaf Spot
5.464620491753223,21,49.73420451010103,4.251348736183578,63,38.3019005516024,25.176374217972548,Leaf Spot
4.55739478358296,23,54.666671294242455,4.24756860346874,79,54.74367321844447,25.460410906459813,Leaf Spot
4.476936499163579,24,57.43780166688568,4.897053815476679,64,48.87101320950432,23.693123550490732,Leaf Spot
5.1066117796993264,26,45.53753223088893,4.380707100776385,57,49.278538690767284,30.686941507467186,Leaf Spot
4.513211513837042,26,31.30378385118345,4.5076911346714,74,37.722532664145334,24.190480875631213,Leaf Spot
4.4994991995890015,25,46.501367852749006,3.6808843833375136,32,40.1450785771426,28.373059758160657,Leaf Spot
3.5636228207736442,23,43.79001714786063,5.494168889104223,67,48.063911877927424,27.42377142026239,Leaf Spot
3.8412450840867596,27,49.7231720436503,5.054134319837295,153,28.327096484011292,32.17408994928333,Leaf Spot
4.6706486162698395,25,47.635902037590064,4.587881833300978,63,47.636069884584074,22.448478909984964,Leaf Spot
5.137760625384795,23,38.95944528767714,4.574993571002093,100,40.71731930387021,28.07536085462886,Leaf Spot
4.471069675928037,27,53.484061910321635,5.724304416648206,71,50.34923843806325,27.294202618616833,Leaf Spot
5.383142301838356,22,53.96004250301825,4.702651351941659,73,45.73401987558698,27.756721189280032,Leaf Spot
4.747696930595119,25,60.624944460497474,5.292724842807609,92,41.355683791809035,24.332277515315027,Leaf Spot
5.229885251206989,27,59.78136540600786,4.498009687015385,70,31.884126699796525,25.82258668181738,Leaf Spot
5.248456729760751,23,53.12383836160659,4.704748447001094,81,35.81846888147466,27.255628348901702,Leaf Spot
3.453988813094674,24,34.95621405027888,5.402997258273408,90,48.733367855728645,31.56301868147814,Leaf Spot
4.372987565628823,30,55.45753251408308,4.681722356390527,97,36.14965190070693,24.52645751541698,Leaf Spot
4.526134624542134,23,39.54753885791798,5.411541533547663,69,47.82003974685504,25.288945900758957,Leaf Spot
3.9807285147531672,25,32.701960196641785,4.765682976957265,47,60.89820799384646,29.734088166524167,Leaf Spot
4.847589206072166,28,41.229472180274115,5.071739689335046,78,47.11216065066936,30.817060500320302,Leaf Spot
5.129621446250911,25,34.76090051017363,4.319976852360268,72,45.74697899421321,23.60938882597823,Leaf Spot
5.885254504010289,29,52.816946563139865,4.8360184306418725,70,37.384652319822116,27.232441555556587,Leaf Spot
4.915988643064238,21,50.67341133795918,4.722370475587625,36,38.11691991376399,25.75918339973507,Leaf Spot
5.649459445803085,26,37.31614744720087,5.043018144708818,44,53.661528431096585,25.586626044546364,Leaf Spot
4.757863715067373,28,37.702691451326004,4.1014409074435045,63,53.307030808154536,22.441961773569474,Leaf Spot
3.525529980850244,23,52.41392639928736,5.400130874869414,65,41.70858714307198,30.461702202767242,Leaf Spot
3.9586162351370606,23,49.523391119400465,5.024609360642517,64,45.27552809364673,19.535017939761033,Leaf Spot
4.503788214449768,26,40.141647725962564,4.829492110794798,83,42.25960639313788,27.511391312989712,Leaf Spot
4.366770345621925,24,52.88172935671378,4.8784864804842165,63,46.793731234326344,29.143829371909852,Leaf Spot
3.8775264246401346,28,45.30996209055142,5.012744966620115,98,34.026610422156274,24.87167699271736,Leaf Spot
4.670153086855933,22,61.87949260669447,4.371613953086603,63,46.63511225282382,23.393551421771733,Leaf Spot
4.621943679709681,25,45.33711676493991,4.753306570550025,64,32.88423752655386,27.964779634017717,Leaf Spot
5.589719882241258,25,49.8021129379804,5.14636137755843,49,58.620117265036846,27.606986389268407,Leaf Spot
5.534335604590099,22,62.5444953804626,5.187577747017391,86,46.87219563482518,26.254414145776654,Leaf Spot
5.340239246313242,25,32.26344237130278,4.241406769146499,71,47.47999186532444,26.830234533300313,Leaf Spot
5.348536855407148,19,49.14870349204128,3.8910103873064226,90,44.24433028446398,28.258829916072354,Leaf Spot
4.411252667734605,28,56.33379731247081,5.0917721515059435,72,49.638858282361056,24.879322296037955,Leaf Spot
5.1850000465593205,29,56.56488447983349,4.435198765096295,82,34.65486764993082,28.717170933527026,Leaf Spot
5.002771535788142,19,38.70572924870109,4.658430551628117,68,35.32418451664956,28.16693618805655,Leaf Spot
4.91316312402323,24,41.953667998733096,5.324353563208281,108,41.131508129227704,25.163499248535537,Leaf Spot
5.021043449435398,23,46.884822394694126,5.169826575862335,36,55.546418598821354,27.218041572988025,Leaf Spot
4.6148280849470185,24,47.69943484016415,3.934399348277537,104,45.33060505816495,28.329006391342126,Leaf Spot
5.228197396758319,21,51.78777519228183,4.666179454550603,91,27.982180637188037,26.702717099276192,Leaf Spot
4.528730704897217,26,51.76035349894562,4.446187052588987,60,44.11467705154136,24.310073318054375,Leaf Spot
5.178892662953457,23,24.74409424542687,4.612588971689097,54,31.949793476312436,23.287720085332282,Leaf Spot
4.849233812324837,28,50.50547579091984,4.49674830589213,84,41.32727751824807,24.916198892510565,Leaf Spot
4.280536799295157,19,44.88061034752444,4.879026744960066,73,41.67226457642113,24.162761817909658,Leaf Spot
5.073710786258236,21,54.208223310747805,4.298891490536637,59,33.265718475074586,25.49579355934309,Leaf Spot
5.23889060631509,26,55.82737689622428,5.061071272966967,52,42.35368620537954,24.65940261264761,Leaf Spot
5.398758706817568,21,55.149581515112885,5.2464769350543845,111,41.72250725896402,29.136966478740487,Leaf Spot
5.826743326442479,23,35.719678019741124,3.8599949830461178,89,29.93479833553133,25.88304284118623,Leaf Spot
4.9967909341675325,25,51.403558913473375,4.911144927900427,100,37.38146895408963,24.969014584624407,Leaf Spot
4.452303249628129,27,55.20318870716051,5.025612659659254,98,35.575673060988954,32.00167233465341,Leaf Spot
5.485457379770516,27,62.25439127016848,3.971688396161113,64,39.11757231454438,29.16443797127203,Leaf Spot
4.327436667179034,27,58.96428915197371,5.147601450041999,80,37.09701327279401,24.459447101623905,Leaf Spot
5.3623285073835,27,47.687843844979646,4.591045227117054,34,36.43318065052449,32.734257261419174,Leaf Spot
4.22379499304889,25,56.05955178556159,4.172538665998854,78,52.50332430008524,27.03749796572175,Leaf Spot
6.090781375050046,19,56.469828239071035,4.713599131301768,90,48.53045721359397,24.80053140867001,Leaf Spot
4.903048376606703,19,52.82598000457115,4.949079232995262,87,53.4649466006972,28.10285952062913,Leaf Spot
4.866640238909224,22,42.30223389080759,5.393367310088665,103,43.09511650950357,27.138008241759824,Leaf Spot
4.392923531252805,28,53.32333458953423,5.770608718231874,57,41.97593680785426,27.694337767576716,Leaf Spot
5.090920291976596,24,41.016311276370395,5.240703764461785,89,37.6698071954902,31.066328403316486,Leaf Spot
5.326589419138472,25,48.63678289900829,5.0770288855579535,57,45.240251833312655,20.542849366172458,Leaf Spot
5.194405040476321,20,60.027358627431994,4.634939953016775,70,39.97812875132396,26.13588337823377,Leaf Spot
5.438339105316617,17,58.2157230887055,4.969011740550854,50,36.3975008556061,32.02917908162461,Leaf Spot
4.374521904025771,21,57.09851633891783,4.969276438142957,56,46.73299980323695,23.922741949079168,Leaf Spot
5.295369629290172,28,52.25604959057554,4.980830530623508,110,44.997490619105804,23.454377623737596,Leaf Spot
5.002263260774538,31,39.881924054513185,4.619268616653007,83,44.56876120795409,24.053089258868056,Leaf Spot
5.304836035303712,31,49.56905167219126,4.347965855131999,44,47.06380784976945,30.311632029948772,Leaf Spot
5.013825485922921,24,43.28582678568555,4.253918183640955,91,52.31017297108468,22.3628106399278,Leaf Spot
5.5154275401813075,26,59.196757161166346,4.128936125757442,47,43.80824552186162,28.508353280685583,Leaf Spot
5.608362370317133,27,46.058549785503736,4.286815396167054,99,37.28235659399428,31.885405664316963,Leaf Spot
4.67202690767707,29,53.43145032047423,4.73150225527877,64,42.27273698123136,28.284950077125714,Leaf Spot
4.834720423297973,23,46.67494871745894,4.839288514859574,32,48.665344918309586,24.06083632584958,Leaf Spot
4.281000418557414,19,33.648860017056876,4.122276248443855,60,60.626073100212544,25.422360972314387,Leaf Spot
4.879987547820614,26,49.04852148972679,4.761278269637003,51,56.6074203862337,32.421589930913655,Leaf Spot
4.042803587644791,21,45.76151726098395,4.317731102544904,85,39.1738223807471,33.49516820341981,Leaf Spot
5.335746867454618,25,56.21589010655786,5.352950212178654,63,38.470262043664285,27.234429188908944,Leaf Spot
5.187736256024075,25,35.38402814247202,4.398587778024579,73,44.39467516539336,32.917626530369425,Leaf Spot
4.176305425920451,26,59.91290486662632,5.935724872711398,66,48.9314356217616,28.709281071595942,Leaf Spot
4.8879667791989805,24,51.487803116000364,3.533876957390157,88,46.009423229295734,26.332575309665202,Leaf Spot
5.721087988073801,22,44.77539208747975,5.795776651102367,58,40.59907773650769,26.558923729707452,Leaf Spot
5.178330516958297,25,37.6589972227819,4.533915718436405,62,44.382231638215636,28.277530975889487,Leaf Spot
4.988192590149588,19,56.51152790048685,4.926284422998312,102,48.553586618325376,30.303968873207285,Leaf Spot
5.009945390152557,29,52.17800508814223,4.751042376778548,120,52.11229697823914,28.72123326301324,Leaf Spot
4.225663012557749,21,50.341723857134824,4.8727605988841205,62,46.12786159689648,31.765880784130786,Leaf Spot
5.112931113547634,21,47.10792938285645,4.397516759573719,67,41.691074674962856,25.567063252187985,Leaf Spot
4.2351890826119725,24,43.51513890522152,3.335275654998866,116,53.710157233733376,25.87109782522501,Leaf Spot
4.808468572383269,21,61.565783022486926,5.748644347386556,78,53.188245153482754,27.52586033680177,Leaf Spot
4.198473552505831,23,49.055423734175655,4.572726140628277,70,44.268803539927085,26.757364506403615,Leaf Spot
4.823516320723868,21,42.26387080697651,4.157707867150015,94,28.154824465277404,30.460771029950777,Leaf Spot
5.423857228768279,24,27.17490329738161,4.619344719016355,73,36.915214240568694,25.454344818575272,Leaf Spot
5.488587839488508,26,40.6034870849752,4.001200415202284,68,43.292345765196494,28.48859756208995,Leaf Spot
4.559107479344553,26,63.48123232048184,5.207750511222131,74,43.534796231573644,25.929980597460386,Leaf Spot
5.331288410603465,23,48.36178167199986,4.825598950940543,64,34.020275616927194,27.968923510853003,Leaf Spot
4.772548212665077,26,43.73119754848666,5.410410649406524,57,58.69632227214314,21.757090470515216,Leaf Spot
4.9956465290506005,26,41.635543456472945,5.012196968930506,100,27.265449285167485,28.508234422472444,Leaf Spot
3.678028130851465,22,61.03333091920756,4.509108983303973,51,43.416498168122544,33.20371901449066,Leaf Spot
3.975742988757288,21,59.97945346543701,5.728851171768866,72,35.08757837978686,33.287530505427476,Leaf Spot
5.517499076287138,27,41.50078120850064,4.775485329580982,71,47.646810436924625,31.353004314394006,Leaf Spot
5.195737668511831,21,59.0119716001563,4.956566070006578,88,56.732326874228825,23.665259251459347,Leaf Spot
4.783878489582092,23,35.45712459707635,4.97335498880246,125,30.279378043953976,26.90315816685159,Leaf Spot
5.088244320783648,25,47.094975579874074,4.150391818277088,79,38.94588818387259,20.43023488506434,Leaf Spot
5.337566499231179,27,48.41328781480864,4.914537344102851,96,46.79471725422466,29.712052664283945,Leaf Spot
4.666133009606767,28,50.56628580746147,4.897025971802937,49,47.29564683441367,24.504135247516647,Leaf Spot
4.512772773062178,22,39.4701205448062,5.86238570150848,101,60.36294001715409,23.331314941333307,Leaf Spot
4.832064187459902,21,42.43444098242349,4.340936508291712,99,41.83016257518592,30.205138001082048,Leaf Spot
5.071854400314833,31,36.164446214882204,5.429616619893399,97,37.21296929578372,30.02140000941948,Leaf Spot
4.951265233361803,24,41.408516104224006,4.440445274275407,115,45.00546255165986,29.346390004594376,Leaf Spot
4.444095278249601,22,56.655878473999536,4.1252118942242335,66,45.27221928857786,27.334117805520158,Leaf Spot
4.71940802174273,26,53.54284604654249,5.167318772729665,55,42.726759216569626,30.584288585630812,Leaf Spot
5.202591234408242,20,50.811839202817616,3.8108873753125945,75,60.182136133967816,24.15632184819304,Leaf Spot
4.424554629528788,27,35.65758787832283,4.48362248505748,86,39.92571321848477,26.292090038367085,Leaf Spot
5.134883569641765,26,50.13454717036321,4.630438860364981,82,44.01013855920195,28.373416829777355,Leaf Spot
4.576380588696909,24,40.08033765958389,4.782496194996882,58,36.087628398704055,27.775983443566165,Leaf Spot
4.895732899135947,27,44.55099544339921,5.004026423418377,86,48.55819046265276,24.523038951593573,Leaf Spot
4.867213567022035,26,48.05742773526354,3.7567611708144577,78,62.70024831517794,25.919882193729052,Leaf Spot
4.472365305965106,26,50.499025683732576,5.396367582708207,49,50.85104202059994,28.771266183754392,Leaf Spot
4.736034058376754,26,56.23565985278686,5.236157690014225,52,51.56126549404387,26.805934184902444,Leaf Spot
4.832793344106982,25,46.79805608961392,5.395853748553533,73,36.04363097293465,25.819410432090812,Leaf Spot
4.880412622564714,28,52.824757479590666,4.374732360626478,124,47.11820248782384,30.826172213997044,Leaf Spot
4.731728504890246,26,54.71574803614724,5.409097355877128,96,51.977576000583824,26.054739806417675,Leaf Spot
4.542714281119772,25,55.46502457872855,4.688639649611696,96,56.620933963889435,24.25103724277974,Leaf Spot
4.423385683291674,24,50.46090134551357,4.537716493116474,102,48.39253489214761,27.11834114472222,Leaf Spot
4.153840714259163,21,50.24807400225445,3.7337021869225815,95,43.73476924502144,36.729278908784195,Leaf Spot
5.83856231277725,24,47.14930397974948,5.297790757001015,109,31.895767540511866,21.64087360393594,Leaf Spot
4.520084337500528,26,51.97498872406078,5.334885727491925,51,26.470849096248987,29.574042585906437,Leaf Spot
4.427311677165644,18,49.160509967675054,5.196587844109338,72,41.33721291054009,26.52191330356228,Leaf Spot
4.633237756919647,20,42.28255458407654,5.060639952506907,81,46.34447844773456,24.01455455443986,Leaf Spot
4.71832357703895,18,49.42781331108312,5.514428853906783,45,40.31257861345796,27.987320336130388,Leaf Spot
5.363779185492367,23,42.46199736587283,3.8155384287919585,77,61.33660832114995,27.83207538589403,Leaf Spot
4.789974459367329,25,47.911263968411184,4.393492813869935,91,46.806092184894034,27.05283975580097,Leaf Spot
4.361085287724787,28,53.31762196266488,4.523539581316349,95,41.01943329291834,24.65398952246689,Leaf Spot
4.4581335971338705,19,51.772339043345646,3.884427560830825,50,28.395295927371734,26.74179092162732,Leaf Spot
5.3323557928776575,17,53.659378442635386,4.91388312328168,89,55.5955845463321,29.949074964608435,Rust
5.0016380912441,18,72.42622429852851,5.793082900196391,71,62.057591762847416,28.27800447640936,Rust
5.403546083112628,17,60.68531835291687,5.606046676537088,60,51.87296938408017,24.834372338506366,Rust
4.6798780029733305,14,63.27570005443303,5.053606242254058,90,60.2777099900205,23.09448735968584,Rust
5.694739012899761,20,54.04909860132118,5.710095771447496,62,60.781363013986685,25.206504779135102,Rust
4.5931020963594404,16,61.01016842980131,5.301160153192698,56,56.8008075029509,29.807884257742202,Rust
5.379798136444859,18,56.63907839636614,6.08585895735808,56,63.90048237669375,32.54567327887988,Rust
5.616408641737003,17,57.773623626696164,6.018043825523128,51,52.23900591696285,27.807326703524836,Rust
5.9569441908803995,19,54.25563393191804,5.344846147307548,67,54.32168806213172,31.936668675670337,Rust
4.782715591831423,22,68.62583752147698,6.045430835301849,70,58.80047424736713,24.700544556425864,Rust
5.163901916819939,19,72.36850449425117,4.946421591598774,72,58.78960623813982,24.812632393422547,Rust
5.666107158791281,15,60.43687719058381,5.274025314044061,64,59.943640116155564,28.353171264295934,Rust
5.232663952974601,15,64.55619736626365,6.3268086342461425,82,67.96894571928902,24.82933422453961,Rust
5.470992647682197,14,50.18460057974479,5.130314296270482,103,67.60012662935716,29.7290141661632,Rust
4.710284748049531,17,64.41360007121388,5.587768114789299,43,52.87745721584103,28.80776670755385,Rust
5.641330909282736,11,60.703008196161136,5.571524384939476,96,65.5428606738995,30.747713956426416,Rust
5.04002677198413,12,58.85557794350879,6.00081591260428,107,65.68439281838228,30.288022468405202,Rust
5.570837841773685,16,60.95951765157104,6.334534762913165,61,72.9182303256788,28.033915536523825,Rust
5.9964444490927855,13,66.68723360931719,5.131614932026189,51,61.74827233928757,32.02841536578791,Rust
5.019776352632927,13,61.26524188532036,5.45628233561141,90,67.5967565709159,28.821754456182518,Rust
6.234976491657418,18,59.2285879519448,4.694216320448586,74,57.30890443671091,31.88091438884441,Rust
5.608117630830085,14,63.3780350912883,5.835765585864527,110,67.10003173931247,31.282539962934433,Rust
5.427038697576824,19,71.99603920564927,4.833611301260175,73,53.819450009950074,30.137459356178372,Rust
5.953599979042854,16,42.87756506024449,5.293889627487765,98,64.30103922359903,30.284558743431727,Rust
5.274003014156484,14,66.12235457299573,5.0828590949826875,123,64.56405766683613,27.258055092338147,Rust
5.124876638675118,17,60.083984623826005,6.058416887764977,83,54.146946088731774,34.67132205546735,Rust
5.422188749184101,20,57.134187940441926,5.681557813872262,86,44.882805663230776,35.04582533138192,Rust
5.9807900074151465,16,53.181842076353156,5.673780806901776,81,62.845351588505835,29.574732188582267,Rust
5.627808445187667,22,66.54482564102916,4.97517225054503,107,73.1249165079063,38.45617020353625,Rust
4.8944276850421815,18,45.3432103744881,5.776574578189605,69,75.38756635859963,26.676155089944253,Rust
4.639867632914733,16,46.1960978302629,5.875549727253655,38,60.22766064946527,22.76656454043141,Rust
5.2558659879585115,22,64.88518313148636,5.068253197517533,79,60.14413497635557,30.417891037530218,Rust
4.784913736523628,19,40.3648669471778,5.185057723818095,70,65.0666146085699,29.067892558030607,Rust
4.767496625764672,15,63.589440076379255,5.460466329067722,68,56.15332968390417,31.088503991477868,Rust
5.167038342208854,17,79.35949270464434,4.788158681558039,42,66.26871731838885,26.96407081611769,Rust
5.256793112515822,15,59.9215988738599,6.29926905604817,96,66.89778809509582,24.75131883262206,Rust
4.8819808185512095,9,55.52495343133797,5.978351593192829,90,58.22789389638301,28.93309914884584,Rust
5.090001505841068,18,68.12702623584492,4.692056606294764,85,67.45947896763734,27.75469913310989,Rust
5.715315275454263,26,61.16525765610486,5.696653525002662,65,61.450009300816404,30.38081487494691,Rust
5.487679053121562,14,63.65089417060361,6.231097969358818,88,67.69589751257473,28.288964089962118,Rust
5.73745510774067,18,54.392714162502145,5.659260502399437,60,54.93695780092166,29.567984921877123,Rust
5.533759923021056,14,70.43188616946301,5.786003139150236,65,47.699321628406594,28.565286262755706,Rust
5.1993253287624785,18,59.09506671075547,4.4962715696274955,72,57.5550471114535,30.900983074322177,Rust
5.085810146425028,23,46.70687559478594,6.1555837489013125,75,66.87667897874844,29.2394044521762,Rust
5.912799991211461,16,53.2110365985775,6.210252143635532,77,61.77246778899369,32.704255742134386,Rust
4.9356201410575045,19,57.280841948296874,5.433915322177814,81,47.99822510842451,26.663488871538696,Rust
6.007982801585913,20,61.49888338138212,5.621561729256446,74,70.85266708662385,28.39894226661751,Rust
5.504328941460682,21,55.78102812123275,6.279394592248447,49,73.0371370489024,27.881973248144078,Rust
5.290785563478623,12,58.361642260978456,4.980096734486558,67,58.901512273688965,31.873374843418716,Rust
5.493421508130282,18,53.2358448892355,5.059622955198635,115,54.11839172189403,33.968624756171884,Rust
5.29062246050361,18,70.56292128183944,6.135946210969328,77,56.89405557182769,28.83223865443336,Rust
5.552080887704453,20,62.033838871953215,5.809443149011577,112,63.050476898118276,29.934958568014334,Rust
4.71649012870947,10,65.10700583384134,5.452587884359564,69,61.94824163349076,28.818788812409274,Rust
5.907501112785255,18,56.02461371943866,5.995083119479644,75,64.21229346937845,27.5677678814216,Rust
5.107577901526154,18,62.10262914834948,5.739913517683417,74,45.30912172983682,27.701678349234832,Rust
5.757218310214718,17,60.02893277988362,5.993188252952969,65,47.657574254056804,28.51810664142352,Rust
5.182121721938069,15,60.596972352810475,5.745752823623392,79,62.4558485814899,34.44022309554627,Rust
5.245704512299096,18,57.92629309920692,5.076820140056514,68,56.16993142782649,30.078427392641377,Rust
6.457084104015341,15,58.6669975550763,5.468438493444376,87,62.10840649563828,32.85228738184435,Rust
4.308123568259156,10,58.032974623918804,6.048650093771855,48,35.938941282449946,30.713538218657625,Rust
5.5096457506662215,14,54.11568319423256,5.015128140182663,82,54.98947779053594,30.48219175692656,Rust
4.115418001693024,15,52.9915683127116,5.371829660813754,69,66.38275023916613,23.421989685019827,Rust
5.420471164348839,19,76.85317949249564,5.259117014453262,86,45.56909765950108,21.82413138706093,Rust
5.780148469101765,17,71.42810151838738,4.813298555515125,90,74.95054272435083,30.259116825071796,Rust
5.524461677515973,18,49.4329483429927,6.177786467855174,67,64.03586605106413,24.31089708028624,Rust
4.869243150971499,22,59.22158168833726,6.226637738021273,78,45.26481781633714,31.67620279919516,Rust
5.134548457009977,20,62.201686940320656,4.728440886028565,83,77.5697851372224,30.47895937554338,Rust
5.374117011147542,21,63.685347721624886,5.604767115131398,58,61.870784206316785,32.10633024925083,Rust
5.023772031554989,22,61.26635180683899,5.05611524423073,99,57.705646114093845,31.278544662458323,Rust
5.268708615483659,17,65.94848163467434,5.645448528795003,40,51.030050079244866,31.788229954372447,Rust
5.340538534994304,16,51.131407877940205,4.9601318393620755,39,59.189754250387736,27.20468725825686,Rust
4.965035449056608,17,64.9117650468219,6.546598966104972,49,69.27504834640418,31.919304683045215,Rust
5.049408267280485,18,58.33893400529908,5.59284429020937,110,64.8448498610505,30.525825119700325,Rust
5.206360806020411,13,60.332254315676735,6.103304077431957,49,51.55928505458644,29.378803208702205,Rust
4.956905346818732,15,58.611211346174585,4.817191297904925,60,65.62742333429847,25.077890653307108,Rust
4.6809575394773235,16,67.85564402007877,5.401539096001555,70,60.35487038012486,23.762877701421043,Rust
5.622617544198765,19,58.72553220723423,6.0029622558982085,57,69.02327194602856,29.463480996785755,Rust
5.248551334554822,17,61.14188187351247,6.110141448208859,58,53.89984608682721,32.10890867621744,Rust
5.132009279167264,20,75.59548786406968,5.299102486529184,93,50.77046174928113,31.26419989420343,Rust
5.489740793694046,19,56.83542342371684,4.669458292216413,90,43.49277478016437,28.047948523272396,Rust
5.823531839888987,18,77.5867411583185,6.012554576290887,66,60.21850703881151,28.85788789236669,Rust
4.688020456494243,15,57.51391274416112,4.481889748572032,80,58.007425242775675,23.981318296065275,Rust
5.5818957893748,20,63.81627583091911,5.337965912395515,91,65.44176288381352,29.922210709159064,Rust
5.028924487304358,18,71.56384520660383,5.201685470694135,121,55.79495252811692,29.097221040020408,Rust
5.097381481797149,18,48.0622264589178,5.226979100591639,58,61.08270678313833,31.983342126526722,Rust
5.690702784201548,10,78.33655722342304,5.6476399703104345,64,61.25702335192753,29.528569467508078,Rust
5.099918077371797,18,57.14022169903754,5.297819003654989,66,48.53862968208278,29.43750941064615,Rust
5.663384746432352,19,68.55940202108188,5.6621701050074345,69,66.71731091544952,24.927447380474195,Rust
4.994697877869385,15,70.64044847311447,5.971394257070038,89,68.57543892169437,26.362151652764034,Rust
5.5568678039374415,17,68.77505683107931,5.442387883723901,72,64.32726814848792,31.628507501573697,Rust
5.09924466231894,17,53.532474930866776,4.25096949125353,84,64.87124285003705,29.786200427260177,Rust
4.522697227010535,16,44.25321791959135,6.184850553827093,58,70.04322887567918,31.837608931052436,Rust
4.994734341358773,14,64.8029617310907,5.077837981408464,82,56.13737927354465,23.656524756603098,Rust
4.396289391393994,18,57.507538029355,5.223455091542934,93,69.38753821305956,28.182365835914574,Rust
5.246730581890563,19,51.144515442403396,5.611576527373849,91,65.44184166734104,23.189741892492606,Rust
5.057390128585977,15,62.7990956352737,5.740372289883992,109,56.040276157055416,27.507282505072357,Rust
5.917352408495437,18,72.1412120895038,5.644364001504918,56,49.33497316177755,24.34546325282321,Rust
5.697923325641313,21,76.79489713109105,5.92155266616162,103,55.35986933877052,25.53075254976843,Rust
5.7825356995879,19,62.85955499472714,5.693685740316495,86,70.27053487882849,32.88495675445087,Rust
5.644899158553157,20,66.1125004193982,5.26941513398269,95,48.84403944912591,32.16167465688765,Rust
4.862464677105285,18,55.23876833259073,5.776694491537214,79,47.24195233469334,30.262098893055438,Rust
5.13993565042528,20,62.010605509875255,5.697710492694019,60,55.28534214858111,27.624084091696748,Rust
5.78551611610915,23,55.55862598605699,6.03842407232884,36,50.44648479126168,26.123664631439674,Rust
4.791371089751675,13,65.30399129710239,5.392966151136069,87,65.5237814889721,29.7968509795176,Rust
5.695993429267668,17,52.50405289355405,6.028907090410398,68,52.515229609900594,28.466246372586806,Rust
4.98923508631657,16,64.75243137250773,5.6741708696230635,62,56.09835701641004,32.22299901431073,Rust
5.6233800529802735,24,71.44102538993222,6.07214653427997,52,66.11088281306738,28.84067959490927,Rust
5.152058188407788,18,69.56169227689188,5.750415795502105,62,65.93967130874097,27.08723737377211,Rust
5.4975074035339295,17,60.249069986114996,5.883121487520254,59,75.56156059421546,23.536741792116512,Rust
5.131049542535314,19,66.67451333148247,5.449762139714148,78,63.284400682620934,28.30679156762696,Rust
6.026931566070708,20,68.98259480804508,5.016921638314791,78,57.59627241023437,25.983195872931603,Rust
5.562073882775596,16,67.24323063880189,4.964904218552834,114,52.829338731263505,29.65790701160131,Rust
5.75633668967463,16,68.81974914746361,4.885408201099792,109,60.11319411972607,27.21076577609336,Rust
5.265368202407655,20,57.324357665196494,5.125321155288611,75,50.584303097840255,34.46163172382545,Rust
5.145122433953375,20,63.67576066918218,5.007732974759016,79,66.27202223448599,28.435215994741082,Rust
5.9369008256329625,21,69.35131883726663,5.270171613863502,58,55.091299157097644,29.58872282200016,Rust
5.64560402108956,11,61.935094387106,5.579044612661592,74,70.33019071212703,30.265340222752613,Rust
5.989586358636404,17,69.4998199400554,6.31753319726376,106,51.26286725257013,28.238971767372856,Rust
5.244675882547592,19,67.49082844011626,5.080553662987132,81,43.84058134275091,33.325835017405666,Rust
5.1694315916954885,18,59.52280228809551,6.073013787506707,23,59.86711726139273,28.682543727506907,Rust
5.195863625583743,23,54.90136432915383,5.8858980886178305,87,70.09215402028413,26.998432745667483,Rust
5.070163995394309,21,65.40257046664088,4.72753132666162,69,63.09106123078449,31.513292664639767,Rust
5.094346206063171,9,66.18578548589626,4.8898396550280125,39,37.34139260012687,31.441942580593224,Rust
5.457877852682235,17,73.11219490370209,5.818662341511536,112,48.85811622266403,28.896348128138108,Rust
4.672478981273394,17,60.011073169866584,5.813306818631536,80,64.98725710623933,31.110320399416683,Rust
6.369717904822414,17,54.471818394668965,5.623041807658204,63,71.85568614749229,28.150345883164302,Rust
5.145490634456705,16,67.74733938777312,5.4211265083842575,67,73.32281534098824,26.43149047801475,Rust
5.416004733314847,19,48.94931911666342,5.740130250702962,58,66.58226224667202,26.11204696424307,Rust
5.7117460643319875,21,68.89149220506243,5.625658324119051,75,55.388643389321246,33.41310407245131,Rust
5.085227150924561,14,67.32295148026265,5.101931598406752,60,48.45116590264188,27.551270481618445,Rust
5.362778239246579,18,69.61044995439586,5.763448961832897,76,58.414434588962244,30.53047240674555,Rust
5.972656573317857,18,58.24695316631673,5.003566999457227,51,65.33015737634818,30.73393557091867,Rust
5.659813586297998,17,73.255477967134,5.257940752707591,99,59.690056840083656,27.174947705961987,Rust
5.6666386382929925,19,64.8557820741354,5.5406392110280995,79,79.10697594296352,32.55276993558852,Rust
5.725272102743481,18,70.05725760477335,5.758997388195726,80,57.57148539787268,28.757247987011937,Rust
3.9733084188548755,18,58.09219135911712,6.296334999141442,80,50.48829264372031,28.850359537615645,Rust
4.929245511721874,19,64.32757891471589,5.978919815554134,64,60.27206476982517,24.904934613720094,Rust
5.715672651866122,19,65.96644016822057,5.500809515678471,88,72.83471286646878,28.144717228873958,Rust
5.462390332669538,14,55.05391230721334,5.548906646546654,102,57.94975340598742,28.292250412063627,Rust
5.216901639973032,16,64.35977164567058,4.751371177410678,105,54.67662161496432,31.165710456314425,Rust
4.828500631172756,20,67.37555686251598,5.692101036002948,60,61.99638551678461,25.450831445796833,Rust
5.286256535206717,21,68.37361541656594,5.507591471270216,60,65.16470169739355,29.058143713094076,Rust
4.35585798079631,20,61.806137329042464,6.101225623991536,58,34.58636949443199,29.837251575035555,Rust
5.531203654506888,12,54.17200363306715,6.877608871859951,73,65.84767181100973,27.048020517894848,Rust
4.45936369551608,17,59.87516351771116,5.300060880665814,77,62.11414617316509,28.54964914623858,Rust
4.831197224423686,19,46.40502595742061,4.4748212713579,94,64.05616217708285,28.82781390477789,Rust
4.772048172860218,15,59.89802601850797,4.702053015712943,65,65.21864270541344,33.28191609286765,Rust
5.211254361303652,20,46.68751943530026,5.829725620556806,63,62.45876493366376,28.25674274528087,Rust
5.994186304402726,15,67.02085038049465,5.360246268351733,76,58.52916885472632,26.46298068651766,Rust
5.393655465341999,17,63.929921987253834,5.542252572846431,95,67.38806892837894,25.848130034516597,Rust
5.790947625265847,14,66.70284710510188,5.809869392351434,41,60.74383397223528,27.594511659919053,Rust
5.058555633929082,22,56.77056687490065,5.096811535440975,81,65.48471797038734,28.57505424196962,Rust
5.924866745551164,19,44.57430944214856,5.235266518246496,68,63.83488762743538,21.125548830877666,Rust
6.547054368922975,19,63.19101443134153,6.090783858209573,126,66.96597315670722,31.84643928941486,Rust
5.458810511008973,17,58.19363644796079,5.086944004142729,66,49.195552285256134,28.77238564794493,Rust
4.641899590248126,18,61.70935513566127,5.5734676491933435,69,84.61488296144402,33.08034770054094,Rust
4.839955874961875,18,57.13595085650141,4.992760136646293,53,63.45773352607403,26.955859294791278,Rust
5.835521710811342,20,72.9913150816916,5.0738066169629485,89,65.05963373313841,27.577465474688104,Rust
5.052702619173207,22,63.81996700585643,5.817983875355869,63,50.24572426782245,27.29165067652367,Rust
5.3441903756745015,14,61.921241530796934,4.65574740596575,57,65.367289986215,30.81137156083368,Rust
5.22365545557591,14,53.78077158779191,5.313365877029343,92,67.4259655307546,27.510404793554095,Rust
4.880928408306848,18,55.411720234993204,5.240873680569399,106,66.61692342852615,29.473922936754356,Rust
4.827636449499275,18,70.50125832630022,5.312183167117232,107,70.34196231614565,33.99119849643042,Rust
5.537359406939109,19,73.31349830664873,5.723696968534488,69,56.41165730777711,29.71566486132122,Rust
4.819247360124202,17,70.77237694584203,4.404373074417359,110,68.97899374962527,27.62070615250857,Rust
5.644525872542315,18,71.83992294750946,5.991341571384971,51,64.69809930771342,28.383116439070257,Rust
5.437274656733146,15,75.98509655296668,6.020030909951288,65,49.32311514471814,27.842982107066454,Rust
5.595526190741088,18,72.02506259814595,5.894959861090426,99,62.6148432048835,24.83210380936703,Rust
5.311935660983894,21,61.58781657180283,5.7515451843118734,73,51.76150521166524,28.629967807861668,Rust
5.539071349364694,16,60.11431004114665,5.030268379007008,102,57.644353939295726,33.35826663537855,Rust
6.087936532743409,17,53.932410139621204,4.457051061133331,50,49.00932140081072,33.13540888238451,Rust
5.452121064252126,19,44.23663192851899,4.901016785391369,97,62.29419289906069,28.55838416394321,Rust
5.654179061370056,22,60.2316602917036,5.534684901329035,83,79.13687708219194,22.701931206742923,Rust
5.707450356654964,17,66.53417380947343,5.171313723002638,79,65.69128463572396,38.33873060313152,Rust
5.763616285230933,15,58.60992254381837,5.273292945808073,44,57.3592784663885,31.198487245465234,Rust
4.826595546415443,21,65.9021985686747,5.132883339014481,77,72.78657446112827,31.2006434405176,Rust
5.403952644704167,17,62.61287256361328,5.244118221028848,37,76.33742328427785,29.465974997598206,Rust
5.5791662693051425,17,56.1190655942033,5.407037759525615,48,78.21669198442643,25.29646400473281,Rust
4.935615172268769,16,72.30460579881903,5.507254499631327,55,70.03470688605871,31.193001880356444,Rust
5.642295730747404,20,81.15489520465961,6.592547447518056,66,72.99107994248922,30.1495045692767,Rust
